year,bea_code,sector_name,target,net_social_output,fulfillment,harmony
2019,111CA,Farms,59659.93787537644,54913.53967722559,0.9204424549005467,0.45556479605149364
2019,113FF,"Forestry, fishing, and related activities",0.0,1.5006662579253316e-11,nan,nan
2019,211,Oil and gas extraction,0.0,-5.275069270282984e-11,nan,nan
2019,212,"Mining, except oil and gas",26144.307073948687,24064.33018481907,0.9204424549005472,0.4555647960514937
2019,213,Support activities for mining,2892.384159373601,2662.2731761693153,0.920442454900555,0.45556479605149586
2019,22,Utilities,221474.65848516152,203854.67835434224,0.9204424549005465,0.4555647960514936
2019,23,Construction,133.32875279633208,122.72144453279907,0.9204424549014095,0.4555647960517262
2019,321,Wood products,0.0,-2.7284841053187847e-12,nan,nan
2019,327,Nonmetallic mineral products,129.08987908419076,118.81980520705747,0.9204424549004707,0.45556479605147315
2019,331,Primary metals,0.0,1.7962520360015333e-11,nan,nan
2019,332,Fabricated metal products,0.0,3.6834535421803594e-11,nan,nan
2019,333,Machinery,72826.92521220235,67032.99382517804,0.9204424549005467,0.45556479605149364
2019,334,Computer and electronic products,67353.97170625784,61995.45506460985,0.9204424549005454,0.45556479605149325
2019,335,"Electrical equipment, appliances, and components",10211.012787932745,9398.649677545702,0.9204424549005478,0.45556479605149386
2019,3361MV,"Motor vehicles, bodies and trailers, and parts",198578.65715472543,182780.22668234957,0.9204424549005471,0.45556479605149375
2019,3364OT,Other transportation equipment,124651.9989770457,114734.99194669248,0.9204424549005474,0.4555647960514938
2019,337,Furniture and related products,32854.878425915216,30241.02495380842,0.920442454900547,0.4555647960514937
2019,339,Miscellaneous manufacturing,67921.45770115257,62517.79326687248,0.9204424549005462,0.4555647960514935
2019,311FT,Food and beverage and tobacco products,586111.5910059058,539481.991671141,0.9204424549005465,0.4555647960514936
2019,313TT,Textile mills and textile product mills,0.0,5.6843418860808015e-12,nan,nan
2019,315AL,Apparel and leather and allied products,2713.633181762158,2497.7431875207467,0.9204424549005483,0.4555647960514941
2019,322,Paper products,16574.33092866834,15255.717848317578,0.9204424549005487,0.45556479605149414
2019,323,Printing and related support activities,3667.6778587673193,3375.886412108164,0.9204424549005445,0.45556479605149297
2019,324,Petroleum and coal products,220374.78970750823,202842.31243657053,0.9204424549005463,0.45556479605149347
2019,325,Chemical products,219751.67058248224,202268.76713943636,0.9204424549005474,0.4555647960514938
2019,326,Plastics and rubber products,8066.235781853776,7424.505864856094,0.9204424549005435,0.4555647960514928
2019,42,Wholesale trade,1212379.9337725723,1115925.9625137888,0.9204424549005468,0.4555647960514937
2019,441,Motor vehicle and parts dealers,63276.728451489835,58242.587273964586,0.9204424549005469,0.45556479605149364
2019,445,Food and beverage stores,21156.19667411672,19473.061603082777,0.9204424549005468,0.4555647960514937
2019,452,General merchandise stores,13803.684999966441,12705.497708042967,0.920442454900547,0.4555647960514937
2019,4A0,Other retail,975619.7238559258,898001.8136753421,0.920442454900547,0.4555647960514937
2019,481,Air transportation,157275.92789312484,144763.44116670918,0.9204424549005465,0.4555647960514936
2019,482,Rail transportation,26954.77014521857,24810.31480374495,0.9204424549005469,0.45556479605149364
2019,483,Water transportation,48729.489613796104,44852.69104617317,0.9204424549005464,0.4555647960514935
2019,484,Truck transportation,172890.45856970616,159135.71811478148,0.9204424549005461,0.45556479605149347
2019,485,Transit and ground passenger transportation,50796.99378636676,46755.70966229121,0.9204424549005461,0.45556479605149347
2019,486,Pipeline transportation,10983.927041542354,10110.072770565752,0.9204424549005474,0.4555647960514938
2019,487OS,Other transportation and support activities,28438.406744309643,26175.916917192684,0.9204424549005485,0.4555647960514942
2019,493,Warehousing and storage,0.0,-5.184119800105691e-11,nan,nan
2019,511,"Publishing industries, except internet (includes software)",154437.0811013282,142150.44605658134,0.9204424549005467,0.45556479605149364
2019,512,Motion picture and sound recording industries,39807.119273153716,36640.16258630046,0.9204424549005463,0.45556479605149347
2019,513,Broadcasting and telecommunications,385907.70993491774,355205.8398975434,0.9204424549005458,0.4555647960514934
2019,514,"Data processing, internet publishing, and other information services",74358.60164142092,68442.81383780128,0.9204424549005465,0.4555647960514936
2019,521CI,"Federal Reserve banks, credit intermediation, and related activities",403037.114939444,370972.47149089543,0.9204424549005462,0.4555647960514935
2019,523,"Securities, commodity contracts, and investments",326816.7052623266,300815.9704941642,0.9204424549005464,0.4555647960514935
2019,524,Insurance carriers and related activities,394441.23806307797,363060.4614767904,0.9204424549005467,0.45556479605149364
2019,525,"Funds, trusts, and other financial vehicles",134731.83318614846,124012.8992911094,0.9204424549005464,0.4555647960514935
2019,HS,Housing,2199806.359575717,2024795.165913707,0.9204424549005465,0.4555647960514936
2019,ORE,Other real estate,10772.21243398493,9915.2016574474,0.9204424549005575,0.4555647960514965
2019,532RL,Rental and leasing services and lessors of intangible assets,138253.27941258386,127254.18790056994,0.920442454900547,0.4555647960514937
2019,5411,Legal services,124875.16510623103,114940.4035264903,0.9204424549005461,0.45556479605149347
2019,5415,Computer systems design and related services,46708.8690221974,42992.8260684195,0.9204424549005472,0.4555647960514937
2019,5412OP,"Miscellaneous professional, scientific, and technical services",115502.8651577401,106313.74075383693,0.920442454900545,0.4555647960514932
2019,55,Management of companies and enterprises,27781.0289774688,25570.83851168454,0.9204424549005442,0.4555647960514929
2019,561,Administrative and support services,101330.02674099909,93268.45856862329,0.9204424549005471,0.45556479605149375
2019,562,Waste management and remediation services,21139.85538829263,19458.020389842637,0.9204424549005475,0.45556479605149386
2019,61,Educational services,337053.7378130007,310238.5698660035,0.9204424549005465,0.4555647960514936
2019,621,Ambulatory health care services,1121440.366136756,1032221.3236314836,0.9204424549005467,0.45556479605149364
2019,622,Hospitals,920620.0536547006,847377.7822166056,0.9204424549005467,0.45556479605149364
2019,623,Nursing and residential care facilities,257691.4634170169,237190.16319447345,0.9204424549005467,0.45556479605149364
2019,624,Social assistance,247542.05171910228,227848.21377544853,0.9204424549005464,0.4555647960514935
2019,711AS,"Performing arts, spectator sports, museums, and related activities",104890.10618579887,96545.3068324357,0.9204424549005464,0.4555647960514935
2019,713,"Amusements, gambling, and recreation industries",165796.16547913678,152605.8295667139,0.9204424549005464,0.4555647960514935
2019,721,Accommodation,224047.39944156416,206222.73835607668,0.9204424549005467,0.45556479605149364
2019,722,Food services and drinking places,674914.0333566683,621219.529709641,0.9204424549005463,0.45556479605149347
2019,81,"Other services, except government",505649.39840806864,465421.1735897072,0.9204424549005464,0.4555647960514935
2019,GFGD,Federal general government (defense),683287.06145104,628926.4202437758,0.9204424549005465,0.4555647960514936
2019,GFGN,Federal general government (nondefense),285235.27863766544,262542.66009349434,0.920442454900547,0.4555647960514937
2019,GFE,Federal government enterprises,19984.78211086668,18394.841906778674,0.9204424549005477,0.4555647960514939
2019,GSLG,State and local general government,2380086.9810934695,2190733.1037545037,0.9204424549005464,0.4555647960514935
2019,GSLE,State and local government enterprises,191593.53637664762,176350.82496559864,0.9204424549005462,0.4555647960514935
2020,111CA,Farms,81453.03993877814,70749.81087947753,0.8685963216677317,0.4412262240396166
2020,113FF,"Forestry, fishing, and related activities",0.0,1.5006662579253316e-11,nan,nan
2020,211,Oil and gas extraction,0.0,-2.1827872842550278e-11,nan,nan
2020,212,"Mining, except oil and gas",24242.855248221444,21057.254895328464,0.8685963216677339,0.4412262240396172
2020,213,Support activities for mining,2070.572005914649,1798.4912280856527,0.8685963216677375,0.4412262240396182
2020,22,Utilities,225569.38548281262,195928.7385112221,0.8685963216677335,0.4412262240396171
2020,23,Construction,136.50658898399502,118.56912107486278,0.868596321667408,0.44122622403952466
2020,321,Wood products,0.0,5.002220859751105e-12,nan,nan
2020,327,Nonmetallic mineral products,1699.6224799143226,1476.2858342773743,0.8685963216677349,0.44122622403961753
2020,331,Primary metals,0.0,-1.2505552149377763e-12,nan,nan
2020,332,Fabricated metal products,0.0,1.546140993013978e-11,nan,nan
2020,333,Machinery,64793.70938885788,56279.5776423701,0.8685963216677344,0.4412262240396173
2020,334,Computer and electronic products,59271.38999809556,51482.911332479576,0.8685963216677349,0.44122622403961753
2020,335,"Electrical equipment, appliances, and components",7042.790472971638,6117.341899099734,0.8685963216677353,0.4412262240396176
2020,3361MV,"Motor vehicles, bodies and trailers, and parts",188775.71177524456,163969.88886818584,0.8685963216677344,0.4412262240396173
2020,3364OT,Other transportation equipment,89468.61985695972,77712.11411244393,0.8685963216677333,0.44122622403961703
2020,337,Furniture and related products,31590.98716825894,27439.815252202297,0.8685963216677339,0.4412262240396172
2020,339,Miscellaneous manufacturing,66989.90065994207,58187.181302112556,0.8685963216677336,0.44122622403961714
2020,311FT,Food and beverage and tobacco products,620218.3328306206,538719.3625275713,0.8685963216677337,0.44122622403961714
2020,313TT,Textile mills and textile product mills,0.0,-3.183231456205249e-12,nan,nan
2020,315AL,Apparel and leather and allied products,8135.474537236426,7066.443258065066,0.8685963216677336,0.44122622403961714
2020,322,Paper products,17946.2687227912,15588.063000277109,0.8685963216677324,0.44122622403961675
2020,323,Printing and related support activities,2789.2026800971994,2422.6911883182192,0.8685963216677364,0.44122622403961786
2020,324,Petroleum and coal products,177062.09927972162,153795.48814113304,0.8685963216677324,0.44122622403961675
2020,325,Chemical products,221833.01647776595,192683.34213704546,0.8685963216677346,0.44122622403961737
2020,326,Plastics and rubber products,5433.178582163566,4719.238931431175,0.8685963216677317,0.4412262240396166
2020,42,Wholesale trade,1164561.192133439,1011533.567844096,0.8685963216677337,0.44122622403961714
2020,441,Motor vehicle and parts dealers,55246.16334324161,47986.61426619446,0.8685963216677339,0.4412262240396172
2020,445,Food and beverage stores,22533.60140168488,19572.60329143037,0.8685963216677335,0.4412262240396171
2020,452,General merchandise stores,14479.91030863095,12577.196832155543,0.8685963216677338,0.44122622403961714
2020,4A0,Other retail,980128.578293129,851336.0778668373,0.8685963216677338,0.44122622403961714
2020,481,Air transportation,80810.01290893667,70191.2799666245,0.868596321667734,0.44122622403961725
2020,482,Rail transportation,23321.183315019716,20256.694044365056,0.868596321667734,0.44122622403961725
2020,483,Water transportation,31093.27364583101,27007.503117377106,0.8685963216677339,0.4412262240396172
2020,484,Truck transportation,179461.9581709444,155879.99674657092,0.8685963216677334,0.44122622403961703
2020,485,Transit and ground passenger transportation,30724.104312171763,26686.843992088136,0.8685963216677333,0.44122622403961703
2020,486,Pipeline transportation,11031.943995044989,9582.30597494053,0.8685963216677345,0.44122622403961737
2020,487OS,Other transportation and support activities,30843.164335509606,26790.259090417054,0.868596321667733,0.4412262240396169
2020,493,Warehousing and storage,0.0,-4.18367562815547e-11,nan,nan
2020,511,"Publishing industries, except internet (includes software)",170330.32262391082,147948.29169960725,0.8685963216677334,0.44122622403961703
2020,512,Motion picture and sound recording industries,24071.369958216535,20908.30340321006,0.8685963216677332,0.441226224039617
2020,513,Broadcasting and telecommunications,385759.0873286867,335068.9243035994,0.8685963216677338,0.44122622403961714
2020,514,"Data processing, internet publishing, and other information services",97606.43675197252,84780.59193385753,0.8685963216677327,0.44122622403961687
2020,521CI,"Federal Reserve banks, credit intermediation, and related activities",398361.29293360474,346015.1537369316,0.8685963216677337,0.44122622403961714
2020,523,"Securities, commodity contracts, and investments",345495.0509895259,300095.73044390837,0.8685963216677338,0.44122622403961714
2020,524,Insurance carriers and related activities,383759.65188175323,333332.22202898085,0.8685963216677337,0.44122622403961714
2020,525,"Funds, trusts, and other financial vehicles",137222.00549710525,119190.52922665516,0.8685963216677337,0.44122622403961714
2020,HS,Housing,2258848.2910708096,1962027.316829551,0.8685963216677335,0.4412262240396171
2020,ORE,Other real estate,9782.550784964456,8497.087628348054,0.8685963216677466,0.4412262240396208
2020,532RL,Rental and leasing services and lessors of intangible assets,136332.1871630381,118417.63629473193,0.8685963216677338,0.44122622403961714
2020,5411,Legal services,118738.02503878478,103135.41179077973,0.8685963216677338,0.44122622403961714
2020,5415,Computer systems design and related services,54367.27555289984,47223.21556434498,0.8685963216677351,0.44122622403961753
2020,5412OP,"Miscellaneous professional, scientific, and technical services",114429.58902507699,99393.12011713214,0.8685963216677319,0.44122622403961664
2020,55,Management of companies and enterprises,26839.993559273826,23313.11967917077,0.8685963216677285,0.44122622403961564
2020,561,Administrative and support services,86247.14087392701,74913.94931745164,0.8685963216677313,0.4412262240396164
2020,562,Waste management and remediation services,19221.729519573422,16695.92355679355,0.8685963216677327,0.44122622403961687
2020,61,Educational services,300763.86014854244,261242.38261561256,0.8685963216677334,0.44122622403961703
2020,621,Ambulatory health care services,1049513.51653244,911603.5800006451,0.8685963216677333,0.44122622403961703
2020,622,Hospitals,892542.8677766563,775259.4518815739,0.8685963216677335,0.4412262240396171
2020,623,Nursing and residential care facilities,244851.63653591883,212677.23084942397,0.8685963216677337,0.44122622403961714
2020,624,Social assistance,244626.0102665775,212481.2527018024,0.8685963216677334,0.44122622403961703
2020,711AS,"Performing arts, spectator sports, museums, and related activities",63265.18317917497,54951.90539906673,0.8685963216677333,0.44122622403961703
2020,713,"Amusements, gambling, and recreation industries",113965.30705439002,98989.84650517697,0.8685963216677335,0.4412262240396171
2020,721,Accommodation,140520.16535189707,122055.29874479945,0.8685963216677333,0.44122622403961703
2020,722,Food services and drinking places,586124.9982212425,509106.0174924779,0.8685963216677333,0.44122622403961703
2020,81,"Other services, except government",460243.5542819984,399765.85832062754,0.8685963216677333,0.44122622403961703
2020,GFGD,Federal general government (defense),696859.6273376826,605289.7090242587,0.8685963216677335,0.4412262240396171
2020,GFGN,Federal general government (nondefense),352860.79955065646,306493.59255043557,0.8685963216677334,0.44122622403961703
2020,GFE,Federal government enterprises,19230.653759121276,16703.67511843853,0.8685963216677344,0.4412262240396173
2020,GSLG,State and local general government,2388925.492948222,2075011.8959131031,0.8685963216677337,0.44122622403961714
2020,GSLE,State and local government enterprises,177321.29219663446,154020.62215536603,0.8685963216677333,0.44122622403961703
2021,111CA,Farms,85598.43300847213,68081.38103066938,0.7953577961401583,0.419634645110217
2021,113FF,"Forestry, fishing, and related activities",0.0,-1.3642420526593924e-12,nan,nan
2021,211,Oil and gas extraction,0.0,-1.5825207810848951e-10,nan,nan
2021,212,"Mining, except oil and gas",23002.598751832807,18295.296248754108,0.7953577961401588,0.4196346451102171
2021,213,Support activities for mining,1741.1936186322393,1384.8719191686578,0.7953577961401656,0.4196346451102192
2021,22,Utilities,208599.91659963844,165911.56994170923,0.7953577961401581,0.4196346451102169
2021,23,Construction,127.4487261981493,101.36733799002832,0.7953577961417105,0.41963464511069226
2021,321,Wood products,0.0,6.59383658785373e-12,nan,nan
2021,327,Nonmetallic mineral products,0.0,-9.094947017729282e-13,nan,nan
2021,331,Primary metals,0.0,-4.888534022029489e-12,nan,nan
2021,332,Fabricated metal products,0.0,-1.6370904631912708e-11,nan,nan
2021,333,Machinery,67924.9122030807,54024.60847285611,0.7953577961401598,0.4196346451102174
2021,334,Computer and electronic products,51841.24887940555,41232.34145787751,0.7953577961401594,0.4196346451102173
2021,335,"Electrical equipment, appliances, and components",1549.1922668560912,1232.1621471640428,0.7953577961401622,0.41963464511021814
2021,3361MV,"Motor vehicles, bodies and trailers, and parts",214258.33908654714,170412.04038052697,0.7953577961401588,0.4196346451102171
2021,3364OT,Other transportation equipment,88548.49849262308,70427.7386126128,0.795357796140158,0.41963464511021686
2021,337,Furniture and related products,31181.066131739208,24800.104039840644,0.7953577961401589,0.41963464511021714
2021,339,Miscellaneous manufacturing,65747.01526355105,52292.401162811344,0.7953577961401589,0.41963464511021714
2021,311FT,Food and beverage and tobacco products,592644.7307775865,471364.60696533835,0.7953577961401579,0.4196346451102168
2021,313TT,Textile mills and textile product mills,0.0,5.9117155615240335e-12,nan,nan
2021,315AL,Apparel and leather and allied products,11437.845970579376,9097.179963750606,0.7953577961401587,0.41963464511021703
2021,322,Paper products,13954.659617460517,11098.947319229479,0.7953577961401596,0.4196346451102173
2021,323,Printing and related support activities,3468.4292180819702,2758.6422189618033,0.7953577961401569,0.4196346451102165
2021,324,Petroleum and coal products,189582.24114366743,150785.71350333927,0.7953577961401578,0.41963464511021675
2021,325,Chemical products,177699.7853595609,141334.90965815957,0.7953577961401586,0.41963464511021703
2021,326,Plastics and rubber products,1658.3929191157265,1319.0157372823883,0.7953577961401946,0.4196346451102281
2021,42,Wholesale trade,1275912.2625755926,1014806.7652303266,0.7953577961401584,0.41963464511021703
2021,441,Motor vehicle and parts dealers,50789.020495029035,40395.44340904361,0.795357796140158,0.41963464511021686
2021,445,Food and beverage stores,23504.66487839251,18694.61845669124,0.795357796140158,0.41963464511021686
2021,452,General merchandise stores,15471.655874769132,12305.502119195311,0.7953577961401583,0.419634645110217
2021,4A0,Other retail,1137530.9518761416,904744.1109254248,0.7953577961401587,0.41963464511021703
2021,481,Air transportation,142026.45821774765,112961.85080166011,0.7953577961401588,0.4196346451102171
2021,482,Rail transportation,25691.010654749978,20433.545614975268,0.7953577961401583,0.419634645110217
2021,483,Water transportation,28724.38382644451,22846.162615684916,0.7953577961401583,0.419634645110217
2021,484,Truck transportation,187696.8406692418,149286.14553715853,0.795357796140158,0.41963464511021686
2021,485,Transit and ground passenger transportation,35899.89599197324,28553.262157836733,0.7953577961401582,0.4196346451102169
2021,486,Pipeline transportation,10192.886152271927,8106.991466378564,0.7953577961401609,0.4196346451102177
2021,487OS,Other transportation and support activities,34847.51116029255,27716.23967741989,0.7953577961401592,0.41963464511021725
2021,493,Warehousing and storage,0.0,-6.366462912410498e-12,nan,nan
2021,511,"Publishing industries, except internet (includes software)",190564.95274774398,151567.32083899903,0.7953577961401581,0.4196346451102169
2021,512,Motion picture and sound recording industries,29491.02073658915,23455.91325897726,0.7953577961401584,0.41963464511021703
2021,513,Broadcasting and telecommunications,403763.08715478744,321136.11916217825,0.7953577961401579,0.4196346451102168
2021,514,"Data processing, internet publishing, and other information services",120315.97756466099,95694.25075627741,0.7953577961401576,0.41963464511021675
2021,521CI,"Federal Reserve banks, credit intermediation, and related activities",406460.8255571743,323281.7864324632,0.7953577961401577,0.41963464511021675
2021,523,"Securities, commodity contracts, and investments",358220.42410571076,284913.407049111,0.7953577961401583,0.419634645110217
2021,524,Insurance carriers and related activities,414048.6068774939,329316.78746098623,0.795357796140158,0.41963464511021686
2021,525,"Funds, trusts, and other financial vehicles",144162.63326656702,114660.87428065862,0.7953577961401583,0.419634645110217
2021,HS,Housing,2325865.8458396452,1849895.5332646854,0.7953577961401583,0.419634645110217
2021,ORE,Other real estate,10094.357463013308,8028.625905233686,0.7953577961402041,0.41963464511023096
2021,532RL,Rental and leasing services and lessors of intangible assets,153239.75749494584,121880.43580223252,0.7953577961401589,0.41963464511021714
2021,5411,Legal services,125131.27421064823,99524.13448439096,0.795357796140158,0.41963464511021686
2021,5415,Computer systems design and related services,61816.592425075774,49166.308716102765,0.7953577961401598,0.4196346451102174
2021,5412OP,"Miscellaneous professional, scientific, and technical services",130612.2402007595,103883.46351500481,0.7953577961401564,0.41963464511021636
2021,55,Management of companies and enterprises,29710.62514536279,23630.577337562,0.7953577961401543,0.41963464511021575
2021,561,Administrative and support services,92906.71283347778,73894.07836586138,0.7953577961401576,0.41963464511021675
2021,562,Waste management and remediation services,19668.434056494632,15643.442364701623,0.7953577961401592,0.41963464511021725
2021,61,Educational services,308505.52183477615,245372.27194357707,0.7953577961401583,0.419634645110217
2021,621,Ambulatory health care services,1145994.8408538904,911475.9310095417,0.7953577961401583,0.419634645110217
2021,622,Hospitals,946312.6297910231,752657.1276901856,0.7953577961401582,0.4196346451102169
2021,623,Nursing and residential care facilities,243248.24388463717,193469.3871710487,0.7953577961401581,0.4196346451102169
2021,624,Social assistance,257092.8336606908,204480.78958379533,0.7953577961401582,0.4196346451102169
2021,711AS,"Performing arts, spectator sports, museums, and related activities",78521.2453202653,62452.48462810693,0.7953577961401584,0.41963464511021703
2021,713,"Amusements, gambling, and recreation industries",147306.164701083,117161.10651451256,0.7953577961401583,0.419634645110217
2021,721,Accommodation,177303.25023518124,141019.52235554074,0.7953577961401582,0.4196346451102169
2021,722,Food services and drinking places,704349.9283944297,560210.2067592719,0.7953577961401582,0.4196346451102169
2021,81,"Other services, except government",484099.75050448417,385032.5106732469,0.7953577961401581,0.4196346451102169
2021,GFGD,Federal general government (defense),693482.3267776003,551566.5750879813,0.7953577961401583,0.419634645110217
2021,GFGN,Federal general government (nondefense),375255.92658540845,298462.7267575036,0.7953577961401586,0.41963464511021703
2021,GFE,Federal government enterprises,19038.127688305456,15142.12328080555,0.7953577961401581,0.4196346451102169
2021,GSLG,State and local general government,2412603.783882735,1918883.228508379,0.7953577961401584,0.41963464511021703
2021,GSLE,State and local government enterprises,181242.6074774015,144152.7208499218,0.7953577961401582,0.4196346451102169
2022,111CA,Farms,70473.0129604552,56051.259138623136,0.7953577800068715,0.4196346401701466
2022,113FF,"Forestry, fishing, and related activities",0.0,1.7280399333685637e-11,nan,nan
2022,211,Oil and gas extraction,0.0,-8.549250196665525e-11,nan,nan
2022,212,"Mining, except oil and gas",24895.015946306125,19800.444616289707,0.7953577800068716,0.4196346401701467
2022,213,Support activities for mining,1828.7029206899283,1454.4730952920363,0.7953577800068786,0.4196346401701488
2022,22,Utilities,216127.9019502098,171899.00829266178,0.795357780006872,0.41963464017014673
2022,23,Construction,116.57518830998187,92.71898297811276,0.7953577800068937,0.4196346401701534
2022,321,Wood products,0.0,1.2278178473934531e-11,nan,nan
2022,327,Nonmetallic mineral products,0.0,-1.1368683772161603e-11,nan,nan
2022,331,Primary metals,0.0,3.069544618483633e-11,nan,nan
2022,332,Fabricated metal products,0.0,8.094502845779061e-11,nan,nan
2022,333,Machinery,68080.59836339988,54148.43357585318,0.7953577800068715,0.4196346401701466
2022,334,Computer and electronic products,43393.0928064739,34513.0339621891,0.7953577800068687,0.4196346401701458
2022,335,"Electrical equipment, appliances, and components",4201.242041402453,3341.4905433213908,0.7953577800068713,0.41963464017014657
2022,3361MV,"Motor vehicles, bodies and trailers, and parts",210444.94449214687,167379.0238649433,0.7953577800068719,0.41963464017014673
2022,3364OT,Other transportation equipment,102175.0808718985,81265.74549429578,0.7953577800068717,0.41963464017014673
2022,337,Furniture and related products,29595.120614176005,23538.709430726616,0.7953577800068712,0.4196346401701465
2022,339,Miscellaneous manufacturing,65013.79539585605,51709.22797586904,0.7953577800068717,0.41963464017014673
2022,311FT,Food and beverage and tobacco products,560740.1675525982,445989.0548253156,0.7953577800068714,0.4196346401701466
2022,313TT,Textile mills and textile product mills,0.0,-7.048583938740194e-12,nan,nan
2022,315AL,Apparel and leather and allied products,3468.396913066344,2758.6164689591305,0.7953577800068706,0.41963464017014634
2022,322,Paper products,9051.690484653396,7199.3324491832645,0.7953577800068733,0.4196346401701472
2022,323,Printing and related support activities,2770.0344761536794,2203.168471496083,0.7953577800068697,0.41963464017014607
2022,324,Petroleum and coal products,210058.8618385482,167071.9500226776,0.7953577800068703,0.4196346401701463
2022,325,Chemical products,165230.95898258407,131417.72872479467,0.7953577800068725,0.41963464017014696
2022,326,Plastics and rubber products,1119.4581854506416,890.3697771905097,0.7953577800068418,0.4196346401701375
2022,42,Wholesale trade,1290249.1280766625,1026209.6821628558,0.7953577800068714,0.4196346401701466
2022,441,Motor vehicle and parts dealers,50543.183582811806,40199.91428890495,0.7953577800068714,0.4196346401701466
2022,445,Food and beverage stores,22810.888372963986,18142.817536305192,0.7953577800068715,0.4196346401701466
2022,452,General merchandise stores,13982.099446886592,11120.77157591103,0.7953577800068719,0.41963464017014673
2022,4A0,Other retail,1162988.2970704713,924991.7901319428,0.7953577800068722,0.41963464017014684
2022,481,Air transportation,180287.24709790136,143392.86461533717,0.7953577800068719,0.41963464017014673
2022,482,Rail transportation,27813.65739548019,22121.808799940834,0.7953577800068717,0.41963464017014673
2022,483,Water transportation,42694.5531017023,33957.444973355436,0.7953577800068715,0.4196346401701466
2022,484,Truck transportation,183864.70264838432,146238.22172004258,0.795357780006872,0.41963464017014673
2022,485,Transit and ground passenger transportation,50552.101682671884,40207.00736901148,0.7953577800068703,0.4196346401701463
2022,486,Pipeline transportation,13369.191066642454,10633.290127252447,0.795357780006872,0.41963464017014673
2022,487OS,Other transportation and support activities,33813.1290558483,26893.53526094534,0.7953577800068713,0.41963464017014657
2022,493,Warehousing and storage,0.0,-2.8194335754960775e-11,nan,nan
2022,511,"Publishing industries, except internet (includes software)",203127.3873403605,161558.947853625,0.7953577800068714,0.4196346401701466
2022,512,Motion picture and sound recording industries,35964.86886535803,28604.938258989456,0.7953577800068726,0.419634640170147
2022,513,Broadcasting and telecommunications,409146.48648755054,325417.8411903494,0.795357780006871,0.41963464017014646
2022,514,"Data processing, internet publishing, and other information services",134273.19656712117,106795.23153605178,0.7953577800068716,0.4196346401701467
2022,521CI,"Federal Reserve banks, credit intermediation, and related activities",393613.19514937996,313063.31707542244,0.7953577800068719,0.41963464017014673
2022,523,"Securities, commodity contracts, and investments",360433.74898830435,286673.7864348918,0.7953577800068717,0.41963464017014673
2022,524,Insurance carriers and related activities,423245.53614402347,336631.63002532884,0.7953577800068721,0.4196346401701468
2022,525,"Funds, trusts, and other financial vehicles",138810.62412212105,110404.10984313847,0.7953577800068714,0.4196346401701466
2022,HS,Housing,2389778.790243137,1900729.1533152887,0.7953577800068715,0.4196346401701466
2022,ORE,Other real estate,11515.679590297743,9159.085354209778,0.7953577800068824,0.41963464017015
2022,532RL,Rental and leasing services and lessors of intangible assets,151167.03671949505,120231.87873543479,0.7953577800068713,0.41963464017014657
2022,5411,Legal services,127115.01631872822,101101.91718480093,0.7953577800068716,0.4196346401701467
2022,5415,Computer systems design and related services,69115.11217001802,54971.242180471425,0.7953577800068713,0.41963464017014657
2022,5412OP,"Miscellaneous professional, scientific, and technical services",134261.30994352893,106785.77741749966,0.7953577800068714,0.4196346401701466
2022,55,Management of companies and enterprises,33044.78071179692,26282.423427748727,0.7953577800068727,0.419634640170147
2022,561,Administrative and support services,108150.28631705894,86018.17163224338,0.7953577800068701,0.4196346401701462
2022,562,Waste management and remediation services,20636.81395579484,16413.650534295804,0.7953577800068713,0.41963464017014657
2022,61,Educational services,329232.3404474253,261857.50340473073,0.7953577800068715,0.4196346401701466
2022,621,Ambulatory health care services,1215741.4869496394,966949.4501225182,0.7953577800068716,0.4196346401701467
2022,622,Hospitals,971200.9942462352,772452.266724152,0.7953577800068715,0.4196346401701466
2022,623,Nursing and residential care facilities,252589.56176450255,200899.0730979233,0.7953577800068715,0.4196346401701466
2022,624,Social assistance,265159.6346998983,210896.77840234415,0.7953577800068716,0.4196346401701467
2022,711AS,"Performing arts, spectator sports, museums, and related activities",104501.864248859,83116.3707555519,0.7953577800068712,0.4196346401701465
2022,713,"Amusements, gambling, and recreation industries",167978.3803210247,133602.91166128012,0.7953577800068712,0.4196346401701465
2022,721,Accommodation,211533.02390130018,168244.43628827858,0.7953577800068714,0.4196346401701466
2022,722,Food services and drinking places,741545.6673196037,589794.115733034,0.7953577800068713,0.41963464017014657
2022,81,"Other services, except government",526318.3724587685,418611.4122956358,0.7953577800068713,0.41963464017014657
2022,GFGD,Federal general government (defense),664613.1316656489,528605.2249650051,0.7953577800068714,0.4196346401701466
2022,GFGN,Federal general government (nondefense),360638.2279623856,286836.42037777504,0.7953577800068715,0.4196346401701466
2022,GFE,Federal government enterprises,15381.248196490134,12233.595419295089,0.7953577800068714,0.4196346401701466
2022,GSLG,State and local general government,2450126.1686692457,1948726.9102495136,0.7953577800068719,0.41963464017014673
2022,GSLE,State and local government enterprises,181829.72208691956,144619.68409831874,0.7953577800068714,0.4196346401701466
2023,111CA,Farms,82182.7637518051,51318.479098589014,0.624443335266415,0.36211299176724915
2023,113FF,"Forestry, fishing, and related activities",0.0,5.002220859751105e-12,nan,nan
2023,211,Oil and gas extraction,0.0,-2.000888343900442e-10,nan,nan
2023,212,"Mining, except oil and gas",26103.95955418598,16300.443567675497,0.624443335266415,0.36211299176724915
2023,213,Support activities for mining,2314.043442391398,1444.9890051182592,0.6244433352664143,0.36211299176724887
2023,22,Utilities,227869.64187018224,142291.67917538036,0.624443335266416,0.36211299176724954
2023,23,Construction,124.72179723017355,77.88169504306279,0.6244433352682728,0.3621129917679363
2023,321,Wood products,0.0,2.1827872842550278e-11,nan,nan
2023,327,Nonmetallic mineral products,1233.2103906274642,770.0700094085964,0.6244433352664022,0.36211299176724443
2023,331,Primary metals,0.0,-3.001332515850663e-11,nan,nan
2023,332,Fabricated metal products,0.0,1.1095835361629725e-10,nan,nan
2023,333,Machinery,62657.37240095843,39125.978601084265,0.6244433352664144,0.36211299176724887
2023,334,Computer and electronic products,46576.654559283495,29084.481518550834,0.6244433352664187,0.3621129917672505
2023,335,"Electrical equipment, appliances, and components",11891.132143965313,7425.338216071403,0.6244433352664173,0.36211299176725
2023,3361MV,"Motor vehicles, bodies and trailers, and parts",228043.32956049487,142400.13729601385,0.6244433352664158,0.3621129917672494
2023,3364OT,Other transportation equipment,118117.65185171783,73757.780476124,0.6244433352664156,0.36211299176724937
2023,337,Furniture and related products,30079.129197027996,18782.71175770159,0.6244433352664158,0.3621129917672494
2023,339,Miscellaneous manufacturing,69087.11190962205,43140.98658476849,0.6244433352664156,0.36211299176724937
2023,311FT,Food and beverage and tobacco products,563584.8311421389,351926.79166395677,0.6244433352664154,0.36211299176724926
2023,313TT,Textile mills and textile product mills,4706.661793930405,2939.0435885729057,0.624443335266414,0.36211299176724876
2023,315AL,Apparel and leather and allied products,12977.174426384057,8103.510081145298,0.6244433352664158,0.3621129917672494
2023,322,Paper products,9643.660691838233,6021.919646589106,0.6244433352664167,0.36211299176724976
2023,323,Printing and related support activities,2927.120125541828,1827.8206539188059,0.6244433352664216,0.3621129917672516
2023,324,Petroleum and coal products,227101.09878586087,141811.7675685106,0.6244433352664153,0.3621129917672492
2023,325,Chemical products,201993.34406458476,126133.3974693061,0.6244433352664164,0.36211299176724965
2023,326,Plastics and rubber products,9566.077188494766,5973.47314499971,0.6244433352664222,0.3621129917672518
2023,42,Wholesale trade,1252960.1440855293,782402.6113286563,0.6244433352664154,0.36211299176724926
2023,441,Motor vehicle and parts dealers,62326.328426497144,38919.260397551894,0.6244433352664157,0.36211299176724937
2023,445,Food and beverage stores,21358.821749555613,13337.37389065336,0.6244433352664154,0.36211299176724926
2023,452,General merchandise stores,13428.416664975879,8385.28528962465,0.6244433352664152,0.3621129917672492
2023,4A0,Other retail,1188589.0572800767,742206.5151891357,0.6244433352664155,0.3621129917672493
2023,481,Air transportation,200919.12539119122,125462.60877808662,0.6244433352664156,0.36211299176724937
2023,482,Rail transportation,25391.582057258605,15855.604187525445,0.6244433352664158,0.3621129917672494
2023,483,Water transportation,45004.462309330964,28102.73654631032,0.6244433352664156,0.36211299176724937
2023,484,Truck transportation,175890.94174058063,109833.9263036389,0.6244433352664153,0.3621129917672492
2023,485,Transit and ground passenger transportation,60927.35867957082,38045.68306284439,0.6244433352664155,0.3621129917672493
2023,486,Pipeline transportation,14831.714935389098,9261.565541975095,0.6244433352664167,0.36211299176724976
2023,487OS,Other transportation and support activities,32835.23766779084,20503.7453235407,0.624443335266414,0.36211299176724876
2023,493,Warehousing and storage,0.0,-1.7280399333685637e-11,nan,nan
2023,511,"Publishing industries, except internet (includes software)",214080.5442703335,133681.16907981655,0.6244433352664154,0.36211299176724926
2023,512,Motion picture and sound recording industries,40404.10819997316,25230.07608285638,0.6244433352664158,0.3621129917672494
2023,513,Broadcasting and telecommunications,410900.36134401814,256583.99209983388,0.6244433352664153,0.3621129917672492
2023,514,"Data processing, internet publishing, and other information services",149825.7512189032,93557.69179992808,0.6244433352664152,0.3621129917672492
2023,521CI,"Federal Reserve banks, credit intermediation, and related activities",405683.9975340523,253326.66848437604,0.6244433352664158,0.3621129917672494
2023,523,"Securities, commodity contracts, and investments",373915.4887717206,233489.03491638522,0.6244433352664157,0.36211299176724937
2023,524,Insurance carriers and related activities,414703.58747825853,258958.8913118714,0.6244433352664154,0.36211299176724926
2023,525,"Funds, trusts, and other financial vehicles",161366.9358718618,100764.50763754717,0.6244433352664156,0.36211299176724937
2023,HS,Housing,2441901.0484068776,1524828.8350577473,0.6244433352664155,0.3621129917672493
2023,ORE,Other real estate,11704.00823682107,7308.489939386043,0.6244433352664066,0.36211299176724604
2023,532RL,Rental and leasing services and lessors of intangible assets,151471.4451148258,94585.3343851256,0.6244433352664154,0.36211299176724926
2023,5411,Legal services,125396.99883005854,78303.32018184057,0.6244433352664156,0.36211299176724937
2023,5415,Computer systems design and related services,76378.61148557917,47694.114899072796,0.6244433352664154,0.36211299176724926
2023,5412OP,"Miscellaneous professional, scientific, and technical services",143770.07608705363,89776.26582330606,0.6244433352664153,0.3621129917672492
2023,55,Management of companies and enterprises,33936.56919572577,21191.464456078502,0.6244433352664156,0.36211299176724937
2023,561,Administrative and support services,117295.6076376904,73244.46044538022,0.6244433352664154,0.36211299176724926
2023,562,Waste management and remediation services,19223.774974715237,12004.158161622283,0.6244433352664179,0.3621129917672502
2023,61,Educational services,344154.7813545052,214905.15951689126,0.6244433352664156,0.36211299176724937
2023,621,Ambulatory health care services,1307864.9792842742,816687.5697424135,0.6244433352664154,0.36211299176724926
2023,622,Hospitals,995775.0683189826,621805.1048362483,0.6244433352664156,0.36211299176724937
2023,623,Nursing and residential care facilities,265072.7678852167,165522.92326654505,0.6244433352664154,0.36211299176724926
2023,624,Social assistance,277868.10149636795,173512.8840625388,0.6244433352664153,0.3621129917672492
2023,711AS,"Performing arts, spectator sports, museums, and related activities",118198.73593226224,73808.41288981616,0.6244433352664156,0.36211299176724937
2023,713,"Amusements, gambling, and recreation industries",174168.25686201188,108758.20721245243,0.6244433352664153,0.3621129917672492
2023,721,Accommodation,229770.94930865316,143478.93793362586,0.6244433352664155,0.3621129917672493
2023,722,Food services and drinking places,764224.6232467468,477214.97263291845,0.6244433352664156,0.36211299176724937
2023,81,"Other services, except government",532072.4930335897,332249.12215341127,0.6244433352664153,0.3621129917672492
2023,GFGD,Federal general government (defense),685118.6514896333,427817.7757894155,0.6244433352664155,0.3621129917672493
2023,GFGN,Federal general government (nondefense),356287.5344019529,222481.37629580335,0.6244433352664159,0.3621129917672495
2023,GFE,Federal government enterprises,17046.366642674275,10644.490040525707,0.6244433352664163,0.3621129917672496
2023,GSLG,State and local general government,2519493.346139178,1573280.8282446903,0.6244433352664157,0.36211299176724937
2023,GSLE,State and local government enterprises,186692.3831885563,116578.81442709776,0.6244433352664155,0.3621129917672493
