iteration,technology_mode,source_year,destination_year,mean_harmony_before,mean_harmony_after,gain,cv_before,cv_after,destination_harmony_before,destination_harmony_after,current_worst_fulfillment,desired_worst_fulfillment,step,capital_at_destination_gap_real_musd,investment_at_source_real_musd,top_capital_sources,top_capacity_destinations
1,frozen,2019,2023,0.3559797463182118,0.35707867231940255,0.0010989260011907698,0.259493615389566,0.25536158653925417,0.2365481683259825,0.23906803432414708,0.34082436424055046,0.3455957294723319,0.00477136523178144,1491.8353681322124,3654.8075654132354,5415:1111.953; 334:933.576; 23:457.578; 511:298.589; 42:218.125,514:3654.808
2,frozen,2019,2023,0.35707867231940255,0.35816165448438164,0.001082982164979096,0.25536158653925417,0.25133929546778605,0.23906803432414708,0.241554027589672,0.34559572947233197,0.3503340251174641,0.004738295645132138,1481.4956903720315,3629.4766654298433,5415:1104.247; 334:927.105; 23:454.407; 511:296.520; 42:216.613,514:3629.477
3,frozen,2019,2023,0.35816165448438164,0.35922896341606503,0.0010673089316833861,0.25133929546778605,0.24742405828340183,0.241554027589672,0.24400665311514083,0.35033402511746403,0.35503925997848035,0.004705234861016336,1471.158764849391,3604.1525080795855,5415:1096.542; 334:920.636; 23:451.236; 511:294.451; 42:215.102,514:3604.153
4,frozen,2019,2023,0.35922896341606503,0.3602808643747722,0.0010519009587071637,0.24742405828340183,0.24361328222597603,0.24400665311514083,0.2464264078578934,0.3550392599784803,0.3597114488488677,0.004672188870387409,1460.8264647213891,3578.839682359935,5415:1088.841; 334:914.170; 23:448.067; 511:292.383; 42:213.591,514:3578.840
5,frozen,2019,2023,0.3602808643747722,0.3613176173959598,0.0010367530211876086,0.24361328222597603,0.2399044612270245,0.2464264078578934,0.24881378085713635,0.3597114488488675,0.36435061236233557,0.004639163513468063,1450.5006160168061,3553.5426618099586,5415:1081.144; 334:907.709; 23:444.900; 511:290.316; 42:212.081,514:3553.543
6,frozen,2019,2023,0.3613176173959598,0.36233947740523564,0.0010218600092758434,0.2399044612270245,0.236295171682491,0.24881378085713635,0.2511692533504998,0.3643506123623356,0.36895677684408584,0.004606164481750206,1440.182998261918,3528.265806043482,5415:1073.454; 334:901.252; 23:441.735; 511:288.251; 42:210.573,514:3528.266
7,frozen,2019,2023,0.36233947740523564,0.3633466943307112,0.0010072169254755625,0.236295171682491,0.23278306842677665,0.2511692533504998,0.25349329888996264,0.3689567768440858,0.37352997416409894,0.004573197320013156,1429.87534511079,3503.013362293228,5415:1065.771; 334:894.802; 23:438.574; 511:286.188; 42:209.066,514:3503.013
8,frozen,2019,2023,0.3633466943307112,0.36433951321275326,0.000992818882042057,0.23278306842677665,0.22936588089738663,0.25349329888996264,0.25578638345707283,0.3735299741640989,0.37807024159245656,0.004540267428357674,1419.5793449821126,3477.789466970985,5415:1058.097; 334:888.358; 23:435.416; 511:284.127; 42:207.560,514:3477.789
9,frozen,2019,2023,0.36433951321275326,0.36531817431119223,0.000978661098438971,0.22936588089738663,0.22604140948040202,0.25578638345707283,0.2580489655773958,0.3780702415924563,0.3825776216567098,0.0045073800642534785,1409.2966416986299,3452.5981472341273,5415:1050.432; 334:881.924; 23:432.262; 511:282.069; 42:206.057,514:3452.598
10,frozen,2019,2023,0.36531817431119223,0.36628291321004225,0.000964738898850015,0.22604140948040202,0.22280752202776893,0.2580489655773958,0.26028149643412923,0.38257762165670967,0.38705216200130765,0.004474540344597961,1399.0288351314182,3427.4433225640105,5415:1042.779; 334:875.498; 23:429.112; 511:280.014; 42:204.556,514:3427.443
11,frozen,2019,2023,0.36628291321004225,0.3672339608772984,0.0009510476672561774,0.22280752202776893,0.21966215036764666,0.26028149643412923,0.26248441998082744,0.3870521620013075,0.39149391524909133,0.004441753247783846,1641.7082385333117,4223.7161156167385,5415:1380.367; 334:1071.357; 23:520.558; 511:334.699; 42:243.672,514:3402.329; 5415:821.387
12,frozen,2019,2023,0.3672339608772984,0.3681715438871941,0.0009375830098956595,0.21966215036764666,0.21660328763410291,0.26248441998082744,0.2646581730521598,0.3914939152490911,0.3959029388627803,0.004409023613689146,1659.4347037206703,4289.4446458691855,5415:1410.902; 334:1087.313; 23:527.876; 511:338.922; 42:246.665,514:3377.258; 5415:912.186
13,frozen,2019,2023,0.3681715438871941,0.36909588440559865,0.000924340518404565,0.21660328763410291,0.21362898479851358,0.2646581730521598,0.2668031854766597,0.39590293886278005,0.4002792950145629,0.00437635615178283,1647.1395733880786,4257.663171818318,5415:1400.448; 334:1079.257; 23:523.965; 511:336.411; 42:244.838,514:3352.235; 5415:905.428
14,frozen,2019,2023,0.36909588440559865,0.37000720031269374,0.0009113159070950894,0.21362898479851358,0.2107373479089589,0.2668031854766597,0.2689198801856783,0.40027929501456266,0.4046230504522213,0.004343755437658619,1634.8695650769869,4225.94663525513,5415:1390.016; 334:1071.217; 23:520.062; 511:333.905; 42:243.014,514:3327.264; 5415:898.683
15,frozen,2019,2023,0.37000720031269374,0.3705038235463422,0.0004966232336484633,0.2107373479089589,0.20855300309467767,0.2689198801856783,0.2710086733219506,0.4046230504522211,0.4089342763686988,0.004311225916477692,1622.62635182327,4194.2993607816925,5415:1379.606; 334:1063.195; 23:516.167; 511:331.405; 42:241.194,514:3302.346; 5415:891.953
16,frozen,2019,2023,0.3705038235463422,0.37091416829799356,0.0004103447516513592,0.20855300309467767,0.20654876746206757,0.2710086733219506,0.27306039816595873,0.40893427636869856,0.4131931142900202,0.004258837921321631,1602.908957488973,4143.332202286023,5415:1362.842; 334:1050.276; 23:509.895; 511:327.377; 42:238.263,514:3262.218; 5415:881.114
17,frozen,2019,2023,0.37091416829799356,0.37131688818234043,0.00040271988434686934,0.20654876746206757,0.20460018481680364,0.27306039816595873,0.27507399865924487,0.41319311429002,0.4173962555702835,0.004203141280263497,1581.9462802273665,4089.146133053377,5415:1345.019; 334:1036.540; 23:503.226; 511:323.096; 42:235.147,514:3219.555; 5415:869.591
18,frozen,2019,2023,0.37131688818234043,0.37171215164162175,0.00039526345928131423,0.20460018481680364,0.20270570394183818,0.27507399865924487,0.2770503170131679,0.41739625557028326,0.421544342415924,0.004148086845640733,1561.2253117292448,4035.584852707594,5415:1327.401; 334:1022.963; 23:496.635; 511:318.864; 42:232.067,514:3177.384; 5415:858.201
19,frozen,2019,2023,0.37171215164162175,0.3721001225630226,0.00038797092140085976,0.20270570394183818,0.20086381967689865,0.2770503170131679,0.27899017266381543,0.42154434241592387,0.4256380125414077,0.004093670125483831,1540.744361341398,3982.6439911078664,5415:1309.988; 334:1009.543; 23:490.120; 511:314.681; 42:229.023,514:3135.701; 5415:846.943
20,frozen,2019,2023,0.3721001225630226,0.3724809604278227,0.00038083786480008763,0.20086381967689865,0.19907307120333814,0.27899017266381543,0.28089436301774795,0.4256380125414075,0.42967789908612386,0.0040398865447164025,1520.5017071312723,3930.31909725991,5415:1292.777; 334:996.280; 23:483.681; 511:310.547; 42:226.014,514:3094.504; 5415:835.815
21,frozen,2019,2023,0.3724809604278227,0.3728548204548184,0.0003738600269956871,0.19907307120333814,0.19733204041660765,0.28089436301774795,0.2827636641691066,0.42967789908612364,0.43366463053728077,0.0039867314511571345,1500.495598146589,3878.6056451568365,5415:1275.767; 334:983.171; 23:477.317; 511:306.461; 42:223.040,514:3053.788; 5415:824.818
22,frozen,2019,2023,0.3728548204548184,0.3732218537382665,0.0003670332834481149,0.19733204041660765,0.19563935038115884,0.2827636641691066,0.28459883158933513,0.43366463053728055,0.43759883065855204,0.0039342001212714734,1480.7242565791757,3827.499039372444,5415:1258.957; 334:970.216; 23:471.027; 511:302.423; 42:220.101,514:3013.549; 5415:813.950
23,frozen,2019,2023,0.3732218537382665,0.3735822073805905,0.00036035364232400724,0.19563935038115884,0.19399366386288,0.28459883158933513,0.28640060079070856,0.4375988306585518,0.44148111842423415,0.0038822877656823616,1461.185879839939,3776.9946204247312,5415:1242.345; 334:957.414; 23:464.812; 511:298.432; 42:217.197,514:2973.785; 5415:803.210
24,frozen,2019,2023,0.3735822073805905,0.37393602462007397,0.0003538172394834671,0.19399366386288,0.1923936819344691,0.28640060079070856,0.28816968796480125,0.441481118424234,0.4453121079586832,0.003830989534449202,1441.87864254517,3727.0876699102646,5415:1225.929; 334:944.764; 23:458.670; 511:294.489; 42:214.327,514:2934.491; 5415:792.596
25,frozen,2019,2023,0.37393602462007397,0.37479744684985683,0.00086142222978286,0.1923936819344691,0.19044536693418793,0.28816968796480125,0.28990679059697355,0.445312107958683,0.44909240848080684,0.0037803005221238553,1844.0489365918775,4399.814121955312,5415:1306.702; 334:1158.035; 23:580.935; 511:318.595; 42:271.979,514:2895.664; 5415:782.109; 523:659.431; 315AL:62.609
26,frozen,2019,2023,0.37479744684985683,0.3763014703230084,0.0015040234731515945,0.19044536693418793,0.18808206760534388,0.28990679059697355,0.2916243617522681,0.44909240848080667,0.45284843324229346,0.0037560247614867926,2325.100281557824,5212.555132840439,334:1411.036; 5415:1410.342; 23:726.499; 511:348.988; 42:340.435,514:2877.069; 523:1412.243; 5415:777.087; 315AL:146.156
27,frozen,2019,2023,0.3763014703230084,0.3778001454431683,0.001498675120159887,0.18808206760534388,0.18575701292193622,0.2916243617522681,0.2933375901434997,0.45284843324229324,0.4566131502924767,0.0037647170501834463,3087.7430481066076,6718.605392492638,334:1721.332; 5415:1556.964; 23:861.337; 42:473.664; 3361MV:442.373,514:2883.727; 561:1493.987; 523:1415.511; 5415:778.885; 315AL:146.495
28,frozen,2019,2023,0.3778001454431683,0.3792934662024728,0.0014933207593044728,0.18575701292193622,0.18346980982639524,0.2933375901434997,0.29504645132751284,0.45661315029247634,0.4603864993252864,0.003773349032810092,3099.3188651327364,6742.88039382016,334:1727.101; 5415:1561.385; 23:864.103; 42:475.536; 3361MV:444.512,514:2890.339; 561:1506.283; 523:1418.756; 5415:780.671; 315AL:146.831
29,frozen,2019,2023,0.3792934662024728,0.3807212383663211,0.0014277721638483176,0.18346980982639524,0.1813220646094898,0.29504645132751284,0.29675092127914426,0.46038649932528625,0.46416841953180693,0.0037819202065206906,3106.358977284369,6758.196866975484,334:1731.024; 5415:1564.932; 23:866.065; 42:476.616; 3361MV:445.522,514:2896.905; 561:1509.704; 523:1421.979; 5415:782.444; 315AL:147.164
30,frozen,2019,2023,0.3807212383663211,0.3818299152126142,0.0011086768462931218,0.1813220646094898,0.17974939613152563,0.29675092127914426,0.2984495969185968,0.4641684195318067,0.4679557664973127,0.0037873469655059686,3110.816358871137,6767.89434962152,334:1733.508; 5415:1567.177; 23:867.308; 42:477.300; 3361MV:446.161,514:2901.062; 561:1511.871; 523:1424.020; 5415:783.567; 315AL:147.375
31,frozen,2019,2023,0.3818299152126142,0.38292899095403843,0.0010990757414242047,0.17974939613152563,0.17823022305053982,0.2984495969185968,0.30013530211263445,0.4679557664973123,0.47173236958585885,0.0037766030885465246,3101.991651626786,6748.695310074955,334:1728.591; 5415:1562.732; 23:864.848; 42:475.946; 3361MV:444.896,514:2892.832; 561:1507.582; 523:1419.980; 5415:781.344; 315AL:146.957
32,frozen,2019,2023,0.38292899095403843,0.3840185490999083,0.0010895581458698622,0.17823022305053982,0.17676355732153545,0.30013530211263445,0.30180812074046304,0.4717323695858585,0.47549812977859096,0.0037657601927324675,3093.0856131826695,6729.31932631054,334:1723.628; 5415:1558.245; 23:862.365; 42:474.580; 3361MV:443.618,514:2884.526; 561:1503.254; 523:1415.903; 5415:779.101; 315AL:146.535
33,frozen,2019,2023,0.3840185490999083,0.3850986725488217,0.0010801234489133948,0.17676355732153545,0.17534841757523176,0.30180812074046304,0.3034681366030751,0.4754981297785906,0.47925294994459616,0.003754820166005597,3084.0997942390886,6709.769772033111,334:1718.620; 5415:1553.718; 23:859.859; 42:473.201; 3361MV:442.330,514:2876.146; 561:1498.886; 523:1411.790; 5415:776.838; 315AL:146.110
34,frozen,2019,2023,0.3850986725488217,0.3861694435885715,0.0010707710397498404,0.17534841757523176,0.17398382876444732,0.3034681366030751,0.3051154334090512,0.47925294994459605,0.48299673483398414,0.003743784889388098,3075.035739813068,6690.050008582705,334:1713.569; 5415:1549.152; 23:857.332; 42:471.810; 3361MV:441.030,514:2867.694; 561:1494.481; 523:1407.641; 5415:774.555; 315AL:145.680
35,frozen,2019,2023,0.3861694435885715,0.38685407750002127,0.0006846339114497391,0.17398382876444732,0.17204152588443436,0.3051154334090512,0.30675009476077864,0.48299673483398387,0.4867293910706279,0.0037326562366440524,3065.894988959207,6670.163384327741,334:1708.476; 5415:1544.547; 23:854.784; 42:470.408; 3361MV:439.719,514:2859.169; 561:1490.039; 523:1403.456; 5415:772.252; 315AL:145.247
36,frozen,2019,2023,0.38685407750002127,0.3875289110492161,0.0006748335491948421,0.17204152588443436,0.17014885641856625,0.30675009476077864,0.3083636359533155,0.4867293910706276,0.49043112418790014,0.003701733117272486,3040.4956404219784,6614.904543040273,334:1694.322; 5415:1531.751; 23:847.702; 42:466.511; 3361MV:436.076,514:2835.482; 561:1477.695; 523:1391.829; 5415:765.854; 315AL:144.044
37,frozen,2019,2023,0.3875289110492161,0.3881947216216187,0.0006658105724026142,0.17014885641856625,0.16830587360920538,0.3083636359533155,0.30995634948260015,0.49043112418789997,0.49410205307332666,0.003670928885426687,3015.193942631689,6559.858150789487,334:1680.223; 5415:1519.004; 23:840.648; 42:462.629; 3361MV:432.447,514:2811.887; 561:1465.398; 523:1380.247; 5415:759.481; 315AL:142.845
38,frozen,2019,2023,0.3881947216216187,0.3890844732789968,0.0008897516573780906,0.16830587360920538,0.1660256410672017,0.30995634948260015,0.3115285375740215,0.49410205307332633,0.49774233215696656,0.0036402790836402277,3755.398793973254,7848.548360351425,334:1918.710; 5415:1820.452; 23:1030.760; 3361MV:634.603; 42:546.952,514:2788.409; 561:1453.163; 523:1368.723; 524:1343.461; 5415:753.140
39,frozen,2019,2023,0.3890844732789968,0.3900677133880355,0.0009832401090386633,0.1660256410672017,0.16357439393810858,0.3115285375740215,0.31308575185015297,0.4977423321569662,0.5013643667499534,0.003622034592987222,4074.107551626301,8401.674913787247,334:2020.453; 5415:1949.859; 23:1112.528; 3361MV:722.165; 42:583.100,514:2774.434; 524:1929.190; 561:1445.880; 523:1361.863; 5415:749.366
40,frozen,2019,2023,0.3900677133880355,0.39084712184883535,0.0007794084607998797,0.16357439393810858,0.16156032952449584,0.31308575185015297,0.3146304517806196,0.5013643667499532,0.5049735545704468,0.003609187820493615,4059.6573492644366,8371.875527996759,334:2013.287; 5415:1942.943; 23:1108.582; 3361MV:719.603; 42:581.032,514:2764.594; 524:1922.347; 561:1440.751; 523:1357.033; 5415:746.708
41,frozen,2019,2023,0.39084712184883535,0.3914846716292161,0.0006375497803807195,0.16156032952449584,0.15986192556640125,0.3146304517806196,0.3161583386494019,0.5049735545704465,0.5085594987405166,0.0035859441700701656,4033.5126150588344,8317.959534194586,334:2000.321; 5415:1930.430; 23:1101.443; 3361MV:714.969; 42:577.290,514:2746.789; 524:1909.967; 561:1431.473; 523:1348.293; 5415:741.899
42,frozen,2019,2023,0.3914846716292161,0.3921137645868318,0.0006290929576157067,0.15986192556640125,0.15820912546114052,0.3161583386494019,0.3176666253112378,0.5085594987405164,0.5121151929608476,0.003555694220331156,3999.487112125614,8247.791721784031,334:1983.447; 5415:1914.145; 23:1092.151; 3361MV:708.938; 42:572.420,514:2723.618; 524:1893.855; 561:1419.397; 523:1336.920; 5415:735.640
43,frozen,2019,2023,0.3921137645868318,0.3927345294577328,0.0006207648709010138,0.15820912546114052,0.1566010216040155,0.3176666253112378,0.3191555939516457,0.5121151929608473,0.51564079873174,0.003525605770892662,3965.6432666493183,8177.998525624843,334:1966.663; 5415:1897.948; 23:1082.909; 3361MV:702.939; 42:567.576,514:2700.571; 524:1877.829; 561:1407.386; 523:1325.607; 5415:729.415
44,frozen,2019,2023,0.3927345294577328,0.3933470926797929,0.0006125632220601029,0.1566010216040155,0.1550367231227743,0.3191555939516457,0.3206255221237132,0.5156407987317397,0.5191364789542605,0.0034956802225207945,3931.9826542289993,8108.583194936845,334:1949.970; 5415:1881.838; 23:1073.717; 3361MV:696.972; 42:562.759,514:2677.648; 524:1861.890; 561:1395.440; 523:1314.355; 5415:723.224
45,frozen,2019,2023,0.3933470926797929,0.3939515784402075,0.0006044857604146081,0.1550367231227743,0.15351535519016735,0.3206255221237132,0.3220766828329241,0.5191364789542603,0.5226023978592589,0.0034659189049986118,3898.5067706196132,8039.548814284452,334:1933.368; 5415:1865.816; 23:1064.576; 3361MV:691.038; 42:557.967,514:2654.852; 524:1846.038; 561:1383.560; 523:1303.165; 5415:717.067
46,frozen,2019,2023,0.3939515784402075,0.3943618795863889,0.0004103011461814021,0.15351535519016735,0.1522095209889726,0.3220766828329241,0.3235093446203617,0.5226023978592587,0.526038720937976,0.0034363230787172972,3865.217033524852,7970.898307273666,334:1916.859; 5415:1849.884; 23:1055.486; 3361MV:685.137; 42:553.203,514:2632.182; 524:1830.275; 561:1371.746; 523:1292.037; 5415:710.944
47,frozen,2019,2023,0.3943618795863889,0.3946439379387333,0.00028205835234440535,0.1522095209889726,0.15105096646739866,0.3235093446203617,0.3249196385525599,0.5260387209379757,0.5294356388052673,0.003396917867291656,3820.8935834522626,7879.493941078479,334:1894.878; 5415:1828.671; 23:1043.382; 3361MV:677.281; 42:546.859,514:2601.998; 524:1809.287; 561:1356.015; 523:1277.221; 5415:702.791
48,frozen,2019,2023,0.3946439379387333,0.39492106421705964,0.00027712627832632286,0.15105096646739866,0.14992370222363482,0.3249196385525599,0.3263052720855647,0.5294356388052669,0.5327870093406892,0.003351370535422318,3769.6614033166793,7773.842306415081,334:1869.470; 5415:1804.151; 23:1029.392; 3361MV:668.199; 42:539.527,514:2567.109; 524:1785.027; 561:1337.833; 523:1260.095; 5415:693.368
49,frozen,2019,2023,0.39492106421705964,0.3951933581315928,0.00027229391453315044,0.14992370222363482,0.14882690927694767,0.3263052720855647,0.3276667437708609,0.5327870093406891,0.5360933953639015,0.0033063860232124265,3719.0622894224107,7669.496188773786,334:1844.377; 5415:1779.935; 23:1015.575; 3361MV:659.230; 42:532.285,514:2532.651; 524:1761.067; 561:1319.876; 523:1243.181; 5415:684.061
50,frozen,2019,2023,0.3951933581315928,0.39621309284377937,0.0010197347121865818,0.14882690927694767,0.1473231436119123,0.3276667437708609,0.32900454003399354,0.5360933953639013,0.539355354290665,0.0032619589267635658,6906.644917656744,12334.080638471518,23:3264.458; 5412OP:2055.223; 334:1915.893; 5415:1756.018; 3361MV:746.774,GFGN:4767.638; 514:2498.621; 524:1737.404; 561:1302.141; 523:1226.477
51,frozen,2019,2023,0.39621309284377937,0.3973379656786147,0.001124872834835311,0.1473231436119123,0.14577936124138371,0.32900454003399354,0.3303356379791423,0.5393553542906647,0.5426139158436193,0.003258561552954542,7505.67236924943,13278.32733328034,23:3630.886; 5412OP:2346.455; 334:1977.417; 5415:1813.204; 3361MV:780.859,GFGN:5466.762; 514:2496.018; 524:1735.594; 561:1300.785; 523:1225.199
52,frozen,2019,2023,0.3973379656786147,0.3984585989620642,0.0011206332834495236,0.14577936124138371,0.14425762168693662,0.3303356379791423,0.3316624941969206,0.5426139158436191,0.5458750114258991,0.0032610955822800092,8516.96994545266,15202.311366445216,23:3884.546; 5412OP:2374.313; 334:2298.364; 5415:2159.915; 3361MV:1152.723,GFGN:5471.013; 514:2497.959; 524:1736.944; 511:1704.820; 561:1301.796
53,frozen,2019,2023,0.3984585989620642,0.3995749995469039,0.001116400584839694,0.14425762168693662,0.14275776708808766,0.3316624941969206,0.3329851082025975,0.5458750114258989,0.5491385927469091,0.0032635813210102078,8737.380796133715,15579.28303640752,23:3923.909; 5412OP:2380.312; 334:2329.026; 5415:2166.861; 3361MV:1353.608,GFGN:5475.183; 514:2499.863; 524:1738.268; 511:1706.120; 561:1302.789
54,frozen,2019,2023,0.3995749995469039,0.40068717433105555,0.0011121747841516538,0.14275776708808766,0.1412796431706614,0.3329851082025975,0.3343034796812185,0.5491385927469089,0.5524046114485384,0.0032660187016294723,8743.90624180877,15590.91830417052,23:3926.840; 5412OP:2382.090; 334:2330.766; 5415:2168.479; 3361MV:1354.619,GFGN:5479.272; 514:2501.730; 524:1739.566; 511:1707.394; 561:1303.762
55,frozen,2019,2023,0.40068717433105555,0.40179513028954233,0.0011079559584867837,0.1412796431706614,0.13982309927840833,0.3343034796812185,0.33561760848483846,0.5524046114485381,0.5556730191048386,0.003268407656300394,8750.302039740754,15602.322402097718,23:3929.712; 5412OP:2383.833; 334:2332.471; 5415:2170.065; 3361MV:1355.610,GFGN:5483.280; 514:2503.560; 524:1740.839; 511:1708.643; 561:1304.715
56,frozen,2019,2023,0.40179513028954233,0.4028988744977471,0.0011037442082047488,0.13982309927840833,0.13838798836045996,0.33561760848483846,0.3369274946305158,0.555673019104838,0.5589437672235357,0.0032707481186976567,8756.568012360962,15613.495013573156,23:3932.526; 5412OP:2385.540; 334:2334.141; 5415:2171.619; 3361MV:1356.580,GFGN:5487.207; 514:2505.353; 524:1742.085; 511:1709.867; 561:1305.650
57,frozen,2019,2023,0.4028988744977471,0.4039984141299894,0.0010995396322422968,0.13838798836045996,0.1369741668582743,0.3369274946305158,0.3382331382988578,0.5589437672235354,0.5622168072489051,0.0032730400253696396,8762.703989796379,15624.435835703123,23:3935.282; 5412OP:2387.211; 334:2335.776; 5415:2173.141; 3361MV:1357.531,GFGN:5491.052; 514:2507.109; 524:1743.306; 511:1711.065; 561:1306.565
58,frozen,2019,2023,0.4039984141299894,0.4050808069073513,0.0010823927773619402,0.1369741668582743,0.1355585459391558,0.3382331382988578,0.33953453983256576,0.5622168072489047,0.5654920905646449,0.003275283315740239,8768.70980986805,15635.144579312204,23:3937.979; 5412OP:2388.847; 334:2337.377; 5415:2174.630; 3361MV:1358.461,GFGN:5494.815; 514:2508.827; 524:1744.501; 511:1712.237; 561:1307.460
59,frozen,2019,2023,0.4050808069073513,0.40588654185655776,0.0008057349492064381,0.1355585459391558,0.13367969436836555,0.33953453983256576,0.3408314158430901,0.5654920905646446,0.5687688497881355,0.0032767592234908844,9451.595887399873,16711.58872355658,23:4239.740; 334:2625.365; 5412OP:2400.676; 5415:2289.736; 3361MV:1397.774,GFGN:5497.291; 514:2509.958; 524:1745.287; 511:1713.009; 561:1308.049
60,frozen,2019,2023,0.40588654185655776,0.4066854861749132,0.0007989443183554212,0.13367969436836555,0.13182895518011986,0.3408314158430901,0.34211780460726615,0.568768849788135,0.5720318739487043,0.003263024160569198,11868.331587833634,20510.57289750278,23:5307.304; 334:3652.477; 5415:2693.042; 5412OP:2429.513; 3361MV:1531.932,GFGN:5474.249; 521CI:4933.950; 514:2499.437; 524:1737.971; 511:1705.829
61,frozen,2019,2023,0.4066854861749132,0.40747770170543196,0.0007922155305187806,0.13182895518011986,0.13000598039832031,0.34211780460726615,0.3433937943291474,0.5720318739487037,0.575281151015217,0.0032492770665133253,12168.623009880932,20899.503911778873,23:5368.018; 334:3745.787; 5415:2700.494; 5412OP:2434.316; 3361MV:1542.815,GFGN:5451.186; 521CI:4913.163; 514:2488.907; 524:1730.649; 511:1698.642
62,frozen,2019,2023,0.40747770170543196,0.4082632494625031,0.0007855477570711256,0.13000598039832031,0.12821043065538842,0.3433937943291474,0.3446594724848796,0.5752811510152167,0.5785166700599339,0.003235519044717212,13346.035888679446,22478.661028229115,23:5636.740; 334:4111.272; 5415:2755.007; 5412OP:2476.767; 3361MV:1597.109,GFGN:5428.104; 521CI:4892.360; 514:2478.368; 621:2140.979; 524:1723.321
63,frozen,2019,2023,0.4082632494625031,0.40904219002560094,0.0007789405630978519,0.12821043065538842,0.1264419764361579,0.3446594724848796,0.34591492582216554,0.5785166700599333,0.5817384212331518,0.0032217511732184085,13289.24546198277,22383.009198576336,23:5612.755; 334:4093.777; 5415:2743.284; 5412OP:2466.227; 3361MV:1590.313,GFGN:5405.006; 521CI:4871.542; 514:2467.822; 621:2131.868; 524:1715.988
64,frozen,2020,2023,0.40904219002560094,0.4098083144970187,0.0007661244714177728,0.1264419764361579,0.12468996230751743,0.34591492582216554,0.34716024036834986,0.5817384212331514,0.5849463957597344,0.0032079745265829124,13232.4188391504,18747.7191590847,23:4801.335; 334:3382.251; 5415:2177.707; 5412OP:2156.053; 3361MV:1316.823,GFGN:4745.336; 521CI:4176.378; 621:1921.437; 514:1832.094; 524:1429.674
65,frozen,2020,2023,0.4098083144970187,0.4105678933492191,0.0007595788522004043,0.12468996230751743,0.12296492214190367,0.34716024036834986,0.34839536498004153,0.584946395759734,0.5881402324068913,0.0031938366471572894,13174.10218466731,18665.095998962883,23:4780.175; 334:3367.345; 5415:2168.110; 5412OP:2146.551; 3361MV:1311.019,GFGN:4724.423; 521CI:4157.973; 621:1912.969; 514:1824.020; 524:1423.373
66,frozen,2020,2023,0.4105678933492191,0.41132080339504684,0.000752910045827726,0.12296492214190367,0.12126625820073067,0.34839536498004153,0.34962038626171316,0.588140232406891,0.5913199257236267,0.0031796933167356784,13456.854930233603,19040.889437074085,23:4766.721; 334:3368.014; 5415:2160.971; 5412OP:2137.749; 3361MV:1660.252,GFGN:4703.502; 521CI:4139.560; 621:1904.497; 514:1815.942; 524:1417.070
67,frozen,2020,2023,0.41132080339504684,0.4120665991768818,0.0007457957818349792,0.12126625820073067,0.11959290050399765,0.34962038626171316,0.3508353861078681,0.5913199257236262,0.5944854609447046,0.0031655352210782856,14674.4811197479,20673.205805416128,23:4774.393; 334:3411.374; 3361MV:2982.639; 5415:2160.573; 5412OP:2130.866,GFGN:4682.559; 521CI:4121.128; 532RL:2173.506; 621:1896.017; 514:1807.857
68,frozen,2020,2023,0.4120665991768818,0.41280602005096406,0.0007394208740822417,0.11959290050399765,0.11794570402097561,0.3508353861078681,0.35204043483505776,0.5944854609447041,0.5976367957775085,0.003151334832804422,14608.652337230476,20580.467128130178,23:4752.975; 334:3396.071; 3361MV:2969.259; 5415:2150.881; 5412OP:2121.307,GFGN:4661.553; 521CI:4102.641; 532RL:2163.756; 621:1887.512; 514:1799.747
69,frozen,2020,2023,0.41280602005096406,0.413539124572913,0.000733104521948913,0.11794570402097561,0.11632439022999579,0.35204043483505776,0.35323561715137336,0.5976367957775082,0.6007739281423173,0.0031371323648091537,14542.813913743848,20487.71486878034,23:4731.554; 334:3380.765; 3361MV:2955.877; 5415:2141.188; 5412OP:2111.746,GFGN:4640.545; 521CI:4084.151; 532RL:2154.004; 621:1879.005; 514:1791.635
70,frozen,2020,2023,0.413539124572913,0.4142659707277946,0.0007268461548816108,0.11632439022999579,0.11472868879968193,0.35323561715137336,0.35442101704701673,0.6007739281423168,0.6038968570017897,0.0031229288594730154,14476.970681450584,20394.955834850323,23:4710.132; 334:3365.459; 3361MV:2942.495; 5415:2131.493; 5412OP:2102.185,GFGN:4619.534; 521CI:4065.660; 532RL:2144.252; 621:1870.498; 514:1783.524
71,frozen,2020,2023,0.4142659707277946,0.4149866159356101,0.0007206452078155068,0.11472868879968193,0.11315833740791757,0.35442101704701673,0.35559671779927743,0.6038968570017895,0.6070055823479894,0.003108725346199849,14411.127412366588,20302.196749090002,23:4688.710; 334:3350.152; 3361MV:2929.112; 5415:2121.799; 5412OP:2092.624,GFGN:4598.524; 521CI:4047.168; 532RL:2134.500; 621:1861.991; 514:1775.412
72,frozen,2020,2023,0.4149866159356101,0.41570111705674256,0.0007145011211324714,0.11315833740791757,0.11161308156263132,0.35559671779927743,0.3567628019775158,0.6070055823479891,0.6101001051894235,0.00309452284143444,14345.288818423043,20209.4442496028,23:4667.289; 334:3334.847; 3361MV:2915.730; 5415:2112.105; 5412OP:2083.064,GFGN:4577.515; 521CI:4028.679; 532RL:2124.748; 621:1853.484; 514:1767.301
73,frozen,2020,2023,0.41570111705674256,0.41640944810720193,0.0007083310504593654,0.11161308156263132,0.11009255714708933,0.3567628019775158,0.35791935144815146,0.610100105189423,0.613180427538106,0.00308032234868294,14466.682668435484,20349.794549685455,23:4659.340; 334:3349.888; 3361MV:3021.826; 5415:2109.940; 5412OP:2076.912,GFGN:4556.509; 521CI:4010.191; 532RL:2114.998; 621:1844.978; 514:1759.191
74,frozen,2020,2023,0.41640944810720193,0.41695174300962046,0.0005422949024185275,0.11009255714708933,0.10891854195990107,0.35791935144815146,0.3590664456072225,0.6131804275381056,0.61624654765055,0.0030661201124443766,14404.62000411355,20261.74322354015,23:4638.191; 334:3335.195; 3361MV:3010.853; 5415:2100.398; 5412OP:2067.420,GFGN:4535.501; 521CI:3991.702; 532RL:2105.246; 621:1836.472; 514:1751.080
75,frozen,2020,2023,0.41695174300962046,0.41727022887430126,0.0003184858646808064,0.10891854195990107,0.10796066251417318,0.3590664456072225,0.3602007235456072,0.6162465476505495,0.6192892216070085,0.0030426739564589395,14294.470057228878,20106.804742745317,23:4602.724; 334:3309.691; 3361MV:2987.830; 5415:2084.337; 5412OP:2051.611,GFGN:4500.819; 521CI:3961.178; 532RL:2089.148; 621:1822.429; 514:1737.690
76,frozen,2020,2023,0.41727022887430126,0.4174868249135709,0.00021659603926965643,0.10796066251417318,0.10704944256248364,0.3602007235456072,0.36131767365061906,0.6192892216070083,0.6222959750388692,0.00300675343186101,14125.715576581133,19869.432291842062,23:4548.386; 334:3270.618; 3361MV:2952.557; 5415:2059.730; 5412OP:2027.391,GFGN:4447.684; 521CI:3914.414; 532RL:2064.484; 621:1800.914; 514:1717.175
77,frozen,2020,2023,0.4174868249135709,0.41769969252092337,0.00021286760735245158,0.10704944256248364,0.10616132732194235,0.36131767365061906,0.3624155206483744,0.6222959750388688,0.6252615702292749,0.002965595190406079,13932.354323121894,19597.447604578272,23:4486.125; 334:3225.848; 3361MV:2912.140; 5415:2031.535; 5412OP:1999.639,GFGN:4386.801; 521CI:3860.831; 532RL:2036.224; 621:1776.262; 514:1693.670
78,frozen,2020,2023,0.41769969252092337,0.4182060193127673,0.0005063267918439252,0.10616132732194235,0.10494044744077109,0.3624155206483744,0.3634946358984199,0.6252615702292744,0.6281865354782006,0.0029249652489261964,15394.64971165561,21318.52331616031,23:5456.974; 334:3357.251; 3361MV:3074.516; 5415:2034.984; 5412OP:2004.859,GFGN:4326.700; 521CI:3807.936; 532RL:2008.327; 4A0:1989.569; 621:1751.926
79,frozen,2020,2023,0.4182060193127673,0.418855551098258,0.000649531785490709,0.10494044744077109,0.1035651033395458,0.3634946358984199,0.36456170815299094,0.6281865354782001,0.631088626721981,0.0029020912437808005,16104.831715525566,22151.38720008316,23:5932.943; 334:3419.219; 3361MV:3152.096; 5415:2034.787; 5412OP:2005.567,GFGN:4292.864; 521CI:3778.157; 4A0:2973.591; 532RL:1992.621; 621:1738.226
80,frozen,2020,2023,0.418855551098258,0.41949957795309134,0.000644026854833335,0.1035651033395458,0.10221166550048179,0.36456170815299094,0.3656200547230826,0.6310886267219806,0.6339766305503748,0.002888003828394145,16026.655174869076,22043.859294630107,23:5904.143; 334:3402.621; 3361MV:3136.795; 5415:2024.909; 5412OP:1995.831,GFGN:4272.026; 521CI:3759.817; 4A0:2959.156; 532RL:1982.949; 621:1729.788
81,frozen,2020,2023,0.41949957795309134,0.42013815010055894,0.0006385721474675976,0.10221166550048179,0.10087993765130311,0.3656200547230826,0.3666697504006507,0.6339766305503742,0.6368505620817428,0.0028739315313686398,15948.562531870382,21936.446786191762,23:5875.374; 334:3386.041; 3361MV:3121.511; 5415:2015.043; 5412OP:1986.106,GFGN:4251.210; 521CI:3741.497; 4A0:2944.737; 532RL:1973.286; 621:1721.359
82,frozen,2020,2023,0.42013815010055894,0.42077131727158984,0.0006331671710309017,0.10087993765130311,0.09956972924962255,0.3666697504006507,0.36771086931947444,0.6368505620817423,0.6397104372426627,0.002859875160920465,15870.558271638034,21829.155843809687,23:5846.638; 334:3369.480; 3361MV:3106.243; 5415:2005.187; 5412OP:1976.392,GFGN:4230.417; 521CI:3723.197; 4A0:2930.335; 532RL:1963.635; 621:1712.940
83,frozen,2020,2023,0.42077131727158984,0.42120002225764414,0.00042870498605429574,0.09956972924962255,0.09830065045662939,0.36771086931947444,0.3687434849604934,0.6397104372426623,0.6425562727557083,0.002845835513045938,15982.713269068245,21976.04323019005,23:5854.516; 334:3384.695; 3361MV:3096.737; 5415:2020.151; 5412OP:1973.925,GFGN:4209.649; 521CI:3704.919; 4A0:2915.949; 532RL:1953.995; 621:1704.531
84,frozen,2021,2023,0.42120002225764414,0.4216065130720607,0.0004064908144165713,0.09830065045662939,0.09706744856271823,0.3687434849604934,0.36976345325054866,0.6425562727557078,0.6453764077526624,0.002820134996954574,16044.908570347525,18821.568904934,23:5094.123; 334:2833.579; 3361MV:2631.536; 5412OP:1721.936; 5415:1626.147,GFGN:3666.737; 521CI:3155.015; 4A0:2638.329; 532RL:1668.351; 621:1525.003
85,frozen,2021,2023,0.4216065130720607,0.42200763932047625,0.0004011262484155398,0.09706744856271823,0.09585786897878926,0.36976345325054866,0.370770589479367,0.645376407752662,0.6481700340259767,0.002793626273314745,16392.658387763717,19247.707345837745,23:5124.227; 334:2857.478; 3361MV:2619.250; 5412OP:1725.127; 5415:1667.461,GFGN:3632.270; 521CI:3125.359; 4A0:2613.529; 532RL:1652.669; 621:1510.669
86,frozen,2021,2023,0.42200763932047625,0.4224036527471533,0.0003960134266770554,0.09585786897878926,0.09467154263612843,0.370770589479367,0.3717650695178472,0.6481700340259762,0.6509373430665198,0.002767309040543663,16238.23207431898,19066.385169936133,23:5075.955; 334:2830.559; 3361MV:2594.576; 5412OP:1708.876; 5415:1651.753,GFGN:3598.052; 521CI:3095.916; 4A0:2588.909; 532RL:1637.100; 621:1496.437
87,frozen,2021,2023,0.4224036527471533,0.42279461786732886,0.00039096512017555707,0.09467154263612843,0.09350812823117899,0.3717650695178472,0.37274707017835745,0.6509373430665192,0.6536785365239856,0.0027411934574663494,16106.943841982742,18910.787396254604,23:5036.597; 334:2804.787; 3361MV:2572.057; 5412OP:1693.106; 5415:1636.241,GFGN:3564.097; 521CI:3066.700; 4A0:2564.477; 532RL:1621.650; 621:1482.315
88,frozen,2021,2023,0.42279461786732886,0.4231797936997651,0.0003851758324362464,0.09350812823117899,0.09236751068943329,0.37274707017835745,0.3737167652516276,0.6536785365239851,0.6563938150794624,0.002715278555477241,17857.65269139446,20886.67205489518,23:5328.414; 3361MV:3072.209; 334:3054.286; 5415:1756.194; 5412OP:1713.449,GFGN:3530.402; 521CI:3037.708; 4A0:2540.232; 42:1955.304; 532RL:1606.320
89,frozen,2021,2023,0.4231797936997651,0.4235600629427954,0.00038026924303030674,0.09236751068943329,0.09124920746541941,0.3737167652516276,0.3746743086854704,0.6563938150794618,0.6590833309401268,0.0026895158606650644,17711.080477952164,20714.440925993134,23:5281.433; 3361MV:3049.804; 334:3028.866; 5415:1741.320; 5412OP:1697.635,GFGN:3496.906; 521CI:3008.886; 4A0:2516.131; 42:1962.694; 532RL:1591.079
90,frozen,2020,2023,0.4235600629427954,0.42393483981302776,0.00037477687023235173,0.09124920746541941,0.09014052610017649,0.3746743086854704,0.3756198691505902,0.6590833309401266,0.6617472844684454,0.002663953528318826,17542.746640623234,23979.21742482981,23:5995.684; 334:3566.450; 3361MV:3510.775; 5415:2134.541; 5412OP:1919.404,GFGN:3940.604; 521CI:3468.132; 4A0:2729.586; 42:2200.610; 532RL:1829.112
91,frozen,2021,2023,0.42393483981302776,0.42430551897235746,0.00037067915932970097,0.09014052610017649,0.08906576367300162,0.3756198691505902,0.37655359891948426,0.661747284468445,0.6643858366870893,0.002638552218644327,17375.47317461567,20321.922938852298,23:5181.355; 3361MV:2992.014; 334:2971.472; 5415:1708.324; 5412OP:1665.466,GFGN:3430.643; 521CI:2951.870; 4A0:2468.452; 42:1925.503; 532RL:1560.929
92,frozen,2021,2023,0.42430551897235746,0.4246715069638524,0.00036598799149495376,0.08906576367300162,0.0880123603059414,0.37655359891948426,0.3774756756690846,0.6643858366870886,0.6669992271904752,0.0026133905033865834,17209.777492945857,20128.12937476599,23:5131.945; 3361MV:2963.481; 334:2943.136; 5415:1692.033; 5412OP:1649.584,GFGN:3397.928; 521CI:2923.721; 4A0:2444.913; 42:1907.141; 532RL:1546.044
93,frozen,2021,2023,0.4246715069638524,0.4249542371197471,0.00028273015589469486,0.0880123603059414,0.0871150240244369,0.3774756756690846,0.37838626034072903,0.6669992271904748,0.6695876551939636,0.0025884280034887824,17045.393690238627,19935.87015181186,23:5082.926; 3361MV:2935.175; 334:2915.024; 5415:1675.871; 5412OP:1633.828,GFGN:3365.471; 521CI:2895.794; 4A0:2421.560; 42:1888.925; 532RL:1531.277
94,frozen,2021,2023,0.4249542371197471,0.42530782042149456,0.000353583301747451,0.0871150240244369,0.08610647118766923,0.37838626034072903,0.37928387505366445,0.6695876551939633,0.6721466477048612,0.002558992510897832,17655.961114696664,20582.475820743042,23:5286.476; 3361MV:2971.368; 334:2908.265; 5415:1663.230; 333:1662.147,GFGN:3327.199; 521CI:2862.863; 4A0:2394.022; 42:1867.444; 532RL:1513.863
95,frozen,2021,2023,0.42530782042149456,0.42565894218487654,0.00035112176338197854,0.08610647118766923,0.08511485076968585,0.37928387505366445,0.3801702815420097,0.6721466477048608,0.6746809603395199,0.002534312634659074,17494.621918288947,20393.678187789872,23:5238.396; 3361MV:2943.484; 334:2880.510; 333:1648.404; 5415:1647.260,GFGN:3295.111; 521CI:2835.253; 4A0:2370.933; 42:1849.433; 532RL:1499.263
96,frozen,2021,2023,0.42565894218487654,0.42600561535797254,0.00034667317309600154,0.08511485076968585,0.08414337364617608,0.3801702815420097,0.3810456761357849,0.6746809603395192,0.6771909131073716,0.002509952767852341,17391.414379740643,20267.918203190733,23:5244.794; 3361MV:2915.797; 334:2856.192; 5415:1632.865; 333:1632.824,GFGN:3263.438; 521CI:2808.000; 4A0:2348.143; 42:1831.657; 532RL:1484.852
97,frozen,2020,2023,0.42600561535797254,0.4263469639276797,0.0003413485697071339,0.08414337364617608,0.08317820544832527,0.3810456761357849,0.3819102092147007,0.6771909131073712,0.6796767013453198,0.0024857882379484947,18100.026132820054,24619.67537304716,23:6099.781; 334:3587.318; 3361MV:3450.312; 5415:2365.175; 333:1961.025,GFGN:3677.056; 521CI:3236.183; 4A0:2547.031; 42:2053.433; 532RL:1706.781
98,frozen,2021,2023,0.4263469639276797,0.4266843254397526,0.0003373615120729201,0.08317820544832527,0.08224640110899771,0.3819102092147007,0.38276400941487554,0.6796767013453193,0.6821384636972115,0.0024617623518922538,18879.961407944706,22091.66108220547,23:5459.613; 334:3153.774; 3361MV:2982.002; 5415:2156.760; 333:1992.196,GFGN:3200.781; 521CI:2754.087; 4A0:2303.060; 42:1796.489; 532RL:1456.343
99,frozen,2021,2023,0.4266843254397526,0.4270173799037765,0.0003330544640238742,0.08224640110899771,0.0813339849539281,0.38276400941487554,0.3836072299021536,0.6821384636972112,0.6845764151733738,0.002437951476162504,18887.94306205032,22116.330882239792,23:5446.147; 334:3151.367; 3361MV:2956.415; 5415:2178.022; 333:2055.385,GFGN:3169.822; 521CI:2727.449; 4A0:2280.784; 42:1779.113; 532RL:1442.257
100,frozen,2021,2023,0.4270173799037765,0.42734613927717086,0.00032875937339438277,0.0813339849539281,0.08044072409133637,0.3836072299021536,0.3844400135556604,0.6845764151733734,0.686990747000845,0.0024143318274715115,19202.407610902643,22433.52202406126,23:5414.960; 334:3283.810; 3361MV:2954.403; 5415:2180.943; 333:2058.425,GFGN:3139.112; 521CI:2701.025; 4A0:2258.687; 42:1761.877; 532RL:1428.284
101,frozen,2021,2023,0.42734613927717086,0.42767070566556364,0.0003245663883927885,0.08044072409133637,0.07956633587116829,0.3844400135556604,0.3852625000730922,0.6869907470008443,0.68938164685055,0.002390899849705716,19325.62844257726,22546.545894817144,23:5375.834; 334:3353.365; 3361MV:2942.303; 5415:2174.727; 333:2052.732,GFGN:3108.646; 521CI:2674.810; 4A0:2236.766; 42:1744.777; 532RL:1414.422
102,frozen,2020,2023,0.42767070566556364,0.4279905121019216,0.00031980643635798334,0.07956633587116829,0.07869574949392229,0.3852625000730922,0.38607482790772857,0.6893816468505499,0.6917493043185939,0.002367657468044045,19168.3815603034,26080.626250939677,23:6102.019; 334:3933.705; 3361MV:3384.764; 5415:2645.576; 333:2388.933,GFGN:3502.313; 521CI:3082.392; 4A0:2425.990; 42:1955.849; 532RL:1625.671
103,frozen,2020,2023,0.4279905121019216,0.4282490043693735,0.000258492267451893,0.07869574949392229,0.07792373533079984,0.38607482790772857,0.3868771205747565,0.6917493043185935,0.6940938707607316,0.0023445664421380646,19052.47298493822,25917.275045768736,23:6052.238; 334:3922.825; 3361MV:3358.117; 5415:2625.747; 333:2372.551,GFGN:3468.156; 521CI:3052.330; 4A0:2402.330; 42:1936.774; 532RL:1609.816
104,frozen,2022,2023,0.4282490043693735,0.42840724815880493,0.00015824378943141149,0.07792373533079984,0.07732481865264221,0.3868771205747565,0.387668340206153,0.6940938707607309,0.6964120953183051,0.0023182245575740818,18838.41292035109,18838.41292035109,23:4554.780; 334:2782.786; 3361MV:2464.796; 5415:1723.612; 333:1701.945,GFGN:2641.032; 521CI:2225.452; 4A0:1973.719; 42:1490.855; 532RL:1184.268
105,frozen,2022,2023,0.42840724815880493,0.4285629158727023,0.00015566771389735612,0.07732481865264221,0.07674062109587185,0.387668340206153,0.3884466795279925,0.6964120953183046,0.6986984342608118,0.0022863389425071346,20774.55826274176,20774.55826274176,23:5509.372; 334:2787.271; 3361MV:2462.707; 333:1924.062; 5412OP:1705.652,GFGN:2604.706; GFGD:2195.255; 521CI:2194.843; 4A0:1946.572; 42:1470.349
106,frozen,2022,2023,0.4285629158727023,0.42871605404751734,0.00015313817481504843,0.07674062109587185,0.07617081639349711,0.3884466795279925,0.3892123712735123,0.6986984342608112,0.7009533072788926,0.002254873018081396,23859.24820321844,23859.24820321844,23:6512.818; 3361MV:2893.047; 334:2823.476; 333:2580.559; 5412OP:2014.259,GFGD:4041.800; GFGN:2568.859; 521CI:2164.636; 4A0:1919.782; 42:1450.114
107,frozen,2022,2023,0.42871605404751734,0.4288411466519829,0.000125092604465582,0.07617081639349711,0.07565345539976684,0.3892123712735123,0.38996564328847805,0.7009533072788922,0.7031771291205773,0.0022238218416851746,23818.61800201129,23818.61800201129,23:6457.845; 3361MV:2917.062; 334:2799.216; 333:2645.158; 5412OP:1993.988,GFGD:3986.142; GFGN:2533.484; 521CI:2134.828; 4A0:1893.345; 111CA:1466.715
108,frozen,2019,2023,0.4288411466519829,0.42899369307963664,0.0001525464276537214,0.07565345539976684,0.07376799684985355,0.38996564328847805,0.39070619918587046,0.7031771291205768,0.7053687704194533,0.0021916412988765067,23473.94288375802,35713.33392121136,23:9205.330; 334:4498.673; 3361MV:4338.218; 333:3903.081; 5415:3034.552,GFGD:5254.573; GFGN:3676.831; 521CI:3313.934; 4A0:2448.142; 42:2047.503
109,frozen,2022,2023,0.42899369307963664,0.4291394283015021,0.00014573522186545063,0.07376799684985355,0.07323149394836279,0.39070619918587046,0.3914348761968139,0.7053687704194528,0.7075304630104755,0.002161692591022696,24736.676177408484,24736.676177408484,23:6777.177; 334:3064.259; 3361MV:2865.679; 333:2628.105; 5412OP:1985.855,GFGD:3874.777; GFGN:2462.703; 521CI:2075.185; 4A0:1840.449; 622:1554.300
110,frozen,2022,2023,0.4291394283015021,0.42928281216509817,0.00014338386359608046,0.07323149394836279,0.07270822885639408,0.3914348761968139,0.3921517964484099,0.707530463010475,0.7096623360451203,0.0021318730346453307,25651.45353856967,25651.45353856967,23:7011.087; 334:3266.740; 3361MV:2946.501; 333:2646.650; 5412OP:1990.666,GFGD:3821.326; 622:2498.086; GFGN:2428.731; 521CI:2046.558; 4A0:1815.061
111,frozen,2022,2023,0.42928281216509817,0.4294140538902204,0.0001312417251222442,0.07270822885639408,0.0722136544998807,0.3921517964484099,0.3928571692692429,0.7096623360451199,0.7117647846982567,0.0021024486531368487,25297.40892948786,25297.40892948786,23:6914.319; 334:3221.652; 3361MV:2905.833; 333:2610.120; 5412OP:1963.191,GFGD:3768.584; 622:2463.607; GFGN:2395.210; 521CI:2018.312; 4A0:1790.009
